<application>
  <component name="ExportableFileTemplateSettings">
    <default_templates>
      <template name="RoomDatabase.kt" file-name="data/${NAME}/#parse(&quot;NameToCamelCase.kt&quot;)RoomDatabase" reformat="true" live-template-enabled="false" />
      <template name="RoomEntity.kt" file-name="data/${NAME}/#parse(&quot;NameToCamelCase.kt&quot;)Dao" reformat="true" live-template-enabled="false">
        <template name="RoomEntity.kt.child.0.kt" file-name="domain/${NAME}/#parse(&quot;NameToCamelCase.kt&quot;)DTO" reformat="true" live-template-enabled="false" />
        <template name="RoomEntity.kt.child.1.kt" file-name="domain/${NAME}/#parse(&quot;NameToCamelCase.kt&quot;)" reformat="true" live-template-enabled="false" />
        <template name="RoomEntity.kt.child.2.kt" file-name="data/${NAME}/#parse(&quot;NameToCamelCase.kt&quot;)Repository" reformat="true" live-template-enabled="false" />
        <template name="RoomEntity.kt.child.3.kt" file-name="data/${NAME}/#parse(&quot;NameToCamelCase.kt&quot;)RepositoryImpl" reformat="true" live-template-enabled="false" />
      </template>
      <template name="RoomEntity.kt.child.0.kt" file-name="domain/${NAME}/#parse(&quot;NameToCamelCase.kt&quot;)DTO" reformat="true" live-template-enabled="false" />
      <template name="RoomEntity.kt.child.1.kt" file-name="domain/${NAME}/#parse(&quot;NameToCamelCase.kt&quot;)" reformat="true" live-template-enabled="false" />
      <template name="RoomEntity.kt.child.2.kt" file-name="data/${NAME}/#parse(&quot;NameToCamelCase.kt&quot;)Repository" reformat="true" live-template-enabled="false" />
      <template name="RoomEntity.kt.child.3.kt" file-name="data/${NAME}/#parse(&quot;NameToCamelCase.kt&quot;)RepositoryImpl" reformat="true" live-template-enabled="false" />
    </default_templates>
  </component>
</application>